{
  "responseCode": [
    "1",
    {
      "responseData": [
        {
          "Racelbl": "All Races",
          "racethn": "0",
          "injuries": 14038294,
          "pop": 323127513,
          "ageadj": 4278.13,
          "numstratum": 5,
          "PSU": 90,
          "wt_c": 42203.54512,
          "maxstratum": 5,
          "mean": 5,
          "twcnt": 0,
          "records": 219049,
          "twcnt1": 0,
          "sumsq": 1781139220.7,
          "tsumsq": 0,
          "n": 5,
          "var": 761989000.303,
          "totvar": 1.50456733303e+12,
          "stderr": 1226608,
          "cv": 0.087,
          "rate": 4344.51,
          "upper": 16442446,
          "lower": 11634142
        },
        {
          "Racelbl": "White Non-Hispanic",
          "racethn": "1",
          "injuries": 7123178,
          "pop": 201324760,
          "ageadj": 3510.72,
          "numstratum": 5,
          "PSU": 90,
          "wt_c": 13644.52892,
          "maxstratum": 5,
          "mean": 5,
          "twcnt": 0,
          "records": 89754,
          "twcnt1": 0,
          "sumsq": 186173169.449,
          "tsumsq": 0,
          "n": 5,
          "var": 447548987.734,
          "totvar": 888757594710,
          "stderr": 942739,
          "cv": 0.132,
          "rate": 3538.15,
          "upper": 8970948,
          "lower": 5275409
        },
        {
          "Racelbl": "Black",
          "racethn": "2",
          "injuries": 1231479,
          "pop": 45307020,
          "ageadj": 2716.01,
          "numstratum": 5,
          "PSU": 90,
          "wt_c": 6325.71676,
          "maxstratum": 5,
          "mean": 5,
          "twcnt": 0,
          "records": 35227,
          "twcnt1": 0,
          "sumsq": 40014692.5277,
          "tsumsq": 0,
          "n": 5,
          "var": 646372309.336,
          "totvar": 87480116253.7,
          "stderr": 295770,
          "cv": 0.24,
          "rate": 2718.08,
          "upper": 1811189,
          "lower": 651770
        },
        {
          "Racelbl": "Hispanic",
          "racethn": "3",
          "injuries": 825921,
          "pop": 54304936,
          "ageadj": 1567.1,
          "numstratum": 5,
          "PSU": 90,
          "wt_c": 16124.25804,
          "maxstratum": 5,
          "mean": 5,
          "twcnt": 0,
          "records": 16294,
          "twcnt1": 0,
          "sumsq": 259991697.341,
          "tsumsq": 0,
          "n": 5,
          "var": 343652541.056,
          "totvar": 116429657179,
          "stderr": 341218,
          "cv": 0.413,
          "rate": 1520.89,
          "upper": 1494708,
          "lower": 157134
        },
        {
          "Racelbl": "Other Non-Hispanic",
          "racethn": "4",
          "injuries": 350787,
          "pop": 22190797,
          "ageadj": 1688.62,
          "numstratum": 5,
          "PSU": 90,
          "wt_c": 3749.68748,
          "maxstratum": 5,
          "mean": 5,
          "twcnt": 0,
          "records": 7438,
          "twcnt1": 0,
          "sumsq": 14060156.1977,
          "tsumsq": 0,
          "n": 5,
          "var": 26648688.8233,
          "totvar": 24270535813.1,
          "stderr": 155790,
          "cv": 0.444,
          "rate": 1580.78,
          "upper": 656135,
          "lower": 45438
        },
        {
          "Racelbl": "Not Stated",
          "racethn": "9",
          "injuries": 4506929,
          "pop": null,
          "ageadj": 0,
          "numstratum": 5,
          "PSU": 90,
          "wt_c": 2359.35392,
          "maxstratum": 5,
          "mean": 5,
          "twcnt": 0,
          "records": 70336,
          "twcnt1": 0,
          "sumsq": 5566550.91982,
          "tsumsq": 0,
          "n": 5,
          "var": 4035662.47574,
          "totvar": 2.74912928217e+12,
          "stderr": 1658050,
          "cv": 0.368,
          "rate": null,
          "upper": 7756707,
          "lower": 1257151
        }
      ]
    }
  ]
}
