{
  "responseCode": [
    "1",
    {
      "responseData": [
        {
          "Racelbl": "All Races",
          "Sexlbl": "Males",
          "racethn": "0",
          "SEX": "1",
          "injuries": 6868771,
          "pop": 159078923,
          "ageadj": 4364.64,
          "numstratum": 5,
          "PSU": 90,
          "wt_c": 23527.33284,
          "maxstratum": 5,
          "mean": 5,
          "twcnt": 0,
          "records": 110246,
          "twcnt1": 0,
          "sumsq": 553535390.564,
          "tsumsq": 0,
          "n": 5,
          "var": 211598107.492,
          "totvar": 285693601171,
          "stderr": 534503,
          "cv": 0.078,
          "rate": 4317.84,
          "upper": 7916397,
          "lower": 5821145
        },
        {
          "Racelbl": "All Races",
          "Sexlbl": "Females",
          "racethn": "0",
          "SEX": "2",
          "injuries": 7169517,
          "pop": 164048590,
          "ageadj": 4150.63,
          "numstratum": 5,
          "PSU": 90,
          "wt_c": 18676.21228,
          "maxstratum": 5,
          "mean": 5,
          "twcnt": 0,
          "records": 108802,
          "twcnt1": 0,
          "sumsq": 348800905.128,
          "tsumsq": 0,
          "n": 5,
          "var": 171198102.732,
          "totvar": 497898221562,
          "stderr": 705619,
          "cv": 0.098,
          "rate": 4370.36,
          "upper": 8552530,
          "lower": 5786504
        },
        {
          "Racelbl": "All Races",
          "Sexlbl": "Unknown",
          "racethn": "0",
          "SEX": "3",
          "injuries": 6,
          "pop": null,
          "ageadj": 0,
          "numstratum": 5,
          "PSU": 31,
          "wt_c": 6.01876,
          "maxstratum": 5,
          "mean": 5,
          "twcnt": 0,
          "records": 1,
          "twcnt1": 0,
          "sumsq": 36.2254719376,
          "tsumsq": 0,
          "n": 5,
          "var": 36.2254719376,
          "totvar": 36.2254719376,
          "stderr": 6,
          "cv": 1,
          "rate": null,
          "upper": 18,
          "lower": -6
        },
        {
          "Racelbl": "White Non-Hispanic",
          "Sexlbl": "Males",
          "racethn": "1",
          "SEX": "1",
          "injuries": 3489211,
          "pop": 99244006,
          "ageadj": 3613.87,
          "numstratum": 5,
          "PSU": 90,
          "wt_c": 7372.981,
          "maxstratum": 5,
          "mean": 5,
          "twcnt": 0,
          "records": 44563,
          "twcnt1": 0,
          "sumsq": 54360848.8264,
          "tsumsq": 0,
          "n": 5,
          "var": 133681283.283,
          "totvar": 212623913487,
          "stderr": 461112,
          "cv": 0.132,
          "rate": 3515.79,
          "upper": 4392990,
          "lower": 2585432
        },
        {
          "Racelbl": "White Non-Hispanic",
          "Sexlbl": "Females",
          "racethn": "1",
          "SEX": "2",
          "injuries": 3633967,
          "pop": 102080754,
          "ageadj": 3378.66,
          "numstratum": 5,
          "PSU": 90,
          "wt_c": 6271.54792,
          "maxstratum": 5,
          "mean": 5,
          "twcnt": 0,
          "records": 45191,
          "twcnt1": 0,
          "sumsq": 39332313.3129,
          "tsumsq": 0,
          "n": 5,
          "var": 92310417.7626,
          "totvar": 234829960310,
          "stderr": 484593,
          "cv": 0.133,
          "rate": 3559.89,
          "upper": 4583769,
          "lower": 2684166
        },
        {
          "Racelbl": "Black",
          "Sexlbl": "Males",
          "racethn": "2",
          "SEX": "1",
          "injuries": 623133,
          "pop": 21743888,
          "ageadj": 2829.05,
          "numstratum": 5,
          "PSU": 90,
          "wt_c": 3569.12468,
          "maxstratum": 5,
          "mean": 5,
          "twcnt": 0,
          "records": 18296,
          "twcnt1": 0,
          "sumsq": 12738650.9814,
          "tsumsq": 0,
          "n": 5,
          "var": 192123185.102,
          "totvar": 23642421023.5,
          "stderr": 153761,
          "cv": 0.247,
          "rate": 2865.79,
          "upper": 924505,
          "lower": 321762
        },
        {
          "Racelbl": "Black",
          "Sexlbl": "Females",
          "racethn": "2",
          "SEX": "2",
          "injuries": 608346,
          "pop": 23563132,
          "ageadj": 2584.57,
          "numstratum": 5,
          "PSU": 90,
          "wt_c": 2756.59208,
          "maxstratum": 5,
          "mean": 5,
          "twcnt": 0,
          "records": 16931,
          "twcnt1": 0,
          "sumsq": 7598799.89552,
          "tsumsq": 0,
          "n": 5,
          "var": 133965109.856,
          "totvar": 20795205937.1,
          "stderr": 144205,
          "cv": 0.237,
          "rate": 2581.77,
          "upper": 890989,
          "lower": 325704
        },
        {
          "Racelbl": "Hispanic",
          "Sexlbl": "Males",
          "racethn": "3",
          "SEX": "1",
          "injuries": 451589,
          "pop": 27452985,
          "ageadj": 1650.81,
          "numstratum": 5,
          "PSU": 90,
          "wt_c": 9280.92792,
          "maxstratum": 5,
          "mean": 5,
          "twcnt": 0,
          "records": 9143,
          "twcnt1": 0,
          "sumsq": 86135623.0562,
          "tsumsq": 0,
          "n": 5,
          "var": 115024241.486,
          "totvar": 31546196858.3,
          "stderr": 177612,
          "cv": 0.393,
          "rate": 1644.96,
          "upper": 799710,
          "lower": 103469
        },
        {
          "Racelbl": "Hispanic",
          "Sexlbl": "Females",
          "racethn": "3",
          "SEX": "2",
          "injuries": 374332,
          "pop": 26851951,
          "ageadj": 1457.73,
          "numstratum": 5,
          "PSU": 90,
          "wt_c": 6843.33012,
          "maxstratum": 5,
          "mean": 5,
          "twcnt": 0,
          "records": 7151,
          "twcnt1": 0,
          "sumsq": 46831167.1313,
          "tsumsq": 0,
          "n": 5,
          "var": 61048741.1173,
          "totvar": 26885523173.4,
          "stderr": 163968,
          "cv": 0.438,
          "rate": 1394.06,
          "upper": 695709,
          "lower": 52954
        },
        {
          "Racelbl": "Other Non-Hispanic",
          "Sexlbl": "Males",
          "racethn": "4",
          "SEX": "1",
          "injuries": 170044,
          "pop": 10638044,
          "ageadj": 1699.25,
          "numstratum": 5,
          "PSU": 90,
          "wt_c": 1986.1908,
          "maxstratum": 5,
          "mean": 5,
          "twcnt": 0,
          "records": 3802,
          "twcnt1": 0,
          "sumsq": 3944953.894,
          "tsumsq": 0,
          "n": 5,
          "var": 7775942.45329,
          "totvar": 4674631163.49,
          "stderr": 68371,
          "cv": 0.402,
          "rate": 1598.45,
          "upper": 304052,
          "lower": 36036
        },
        {
          "Racelbl": "Other Non-Hispanic",
          "Sexlbl": "Females",
          "racethn": "4",
          "SEX": "2",
          "injuries": 180743,
          "pop": 11552753,
          "ageadj": 1642.63,
          "numstratum": 5,
          "PSU": 90,
          "wt_c": 1763.49668,
          "maxstratum": 5,
          "mean": 5,
          "twcnt": 0,
          "records": 3636,
          "twcnt1": 0,
          "sumsq": 3109920.54037,
          "tsumsq": 0,
          "n": 5,
          "var": 5695730.95275,
          "totvar": 7706946550.46,
          "stderr": 87789,
          "cv": 0.486,
          "rate": 1564.5,
          "upper": 352809,
          "lower": 8676
        },
        {
          "Racelbl": "Not Stated",
          "Sexlbl": "Males",
          "racethn": "9",
          "SEX": "1",
          "injuries": 2134794,
          "pop": null,
          "ageadj": 0,
          "numstratum": 5,
          "PSU": 90,
          "wt_c": 1318.10844,
          "maxstratum": 5,
          "mean": 5,
          "twcnt": 0,