{
  "responseCode": [
    "1",
    {
      "responseData": [
        {
          "SEX": "0",
          "numstratum": 5,
          "PSU": 90,
          "wt_c": 214382.966975,
          "maxstratum": 5,
          "nhsp1": 23.083333333,
          "nhsp2": 5,
          "nhsp3": 6,
          "nhsp4": 14.083333333,
          "nhsp5": 4.1666666667,
          "twcnt": 0,
          "records": 1090466,
          "twcnt1": 0,
          "sumsq": 45960056529,
          "tsumsq": 0,
          "n": 4.1666666667,
          "var": 11644718116.3,
          "totvar": 2.9246783651e+13,
          "injuries": 66836638.5234,
          "stderr": 5408029.55345,
          "cv": 0.0809141463863,
          "pop": 320896618,
          "upper": 77436376.4481,
          "lower": 56236900.5986,
          "Sexlbl": "Both Sexes"
        },
        {
          "SEX": "1",
          "numstratum": 5,
          "PSU": 90,
          "wt_c": 117755.364115,
          "maxstratum": 5,
          "nhsp1": 23.083333333,
          "nhsp2": 5,
          "nhsp3": 6,
          "nhsp4": 14.083333333,
          "nhsp5": 4.1666666667,
          "twcnt": 0,
          "records": 598698,
          "twcnt1": 0,
          "sumsq": 13866325777.9,
          "tsumsq": 0,
          "n": 4.1666666667,
          "var": 3777478515.95,
          "totvar": 8.11914216312e+12,
          "injuries": 35616359.0447,
          "stderr": 2849410.84492,
          "cv": 0.0800028672594,
          "pop": 157960035,
          "upper": 41201204.3007,
          "lower": 30031513.7887,
          "Sexlbl": "Males"
        },
        {
          "SEX": "2",
          "numstratum": 5,
          "PSU": 90,
          "wt_c": 96627.60286,
          "maxstratum": 5,
          "nhsp1": 23.083333333,
          "nhsp2": 5,
          "nhsp3": 6,
          "nhsp4": 14.083333333,
          "nhsp5": 4.1666666667,
          "twcnt": 0,
          "records": 491763,
          "twcnt1": 0,
          "sumsq": 9336893634.47,
          "tsumsq": 0,
          "n": 4.1666666667,
          "var": 2226563933.38,
          "totvar": 7.22598088429e+12,
          "injuries": 31219803.1904,
          "stderr": 2688118.46545,
          "cv": 0.0861029920353,
          "pop": 162936583,
          "upper": 36488515.3827,
          "lower": 25951090.9982,
          "Sexlbl": "Females"
        },
        {
          "SEX": "3",
          "numstratum": 2,
          "PSU": 54,
          "wt_c": 476.28826406,
          "maxstratum": 2,
          "nhsp1": 23.083333333,
          "nhsp2": 5,
          "nhsp3": 6,
          "nhsp4": 14.083333333,
          "nhsp5": 4.1666666667,
          "twcnt": 0,
          "records": 5,
          "twcnt1": 0,
          "sumsq": 226850.510481,
          "tsumsq": 0,
          "n": 5,
          "var": 226850.510481,
          "totvar": 226850.510481,
          "injuries": 476.28826406,
          "stderr": 476.28826406,
          "cv": 1,
          "pop": null,
          "upper": 1409.81326162,
          "lower": -457.236733498,
          "Sexlbl": "Unknown"
        }
      ]
    }
  ]
}
