{
  "responseCode": [
    "1",
    {
      "responseData": [
        {
          "DISPlbl": "Treated and Released",
          "DISP": "1",
          "injuries": 12097706,
          "pop": 323127513,
          "ageadj": 3733.3,
          "numstratum": 5,
          "PSU": 90,
          "wt_c": 39170.09008,
          "maxstratum": 5,
          "mean": 5,
          "twcnt": 0,
          "records": 188934,
          "twcnt1": 0,
          "sumsq": 1534295956.88,
          "tsumsq": 0,
          "n": 5,
          "var": 661998003.642,
          "totvar": 1.04918997602e+12,
          "stderr": 1024300,
          "cv": 0.085,
          "rate": 3743.94,
          "upper": 14105333,
          "lower": 10090078
        },
        {
          "DISPlbl": "Transferred",
          "DISP": "2",
          "injuries": 248553,
          "pop": null,
          "ageadj": 73.32,
          "numstratum": 5,
          "PSU": 90,
          "wt_c": 325.01304,
          "maxstratum": 5,
          "mean": 5,
          "twcnt": 0,
          "records": 2736,
          "twcnt1": 0,
          "sumsq": 105633.47617,
          "tsumsq": 0,
          "n": 5,
          "var": 43017.7479259,
          "totvar": 1026843833.22,
          "stderr": 32044,
          "cv": 0.129,
          "rate": null,
          "upper": 311360,
          "lower": 185746
        },
        {
          "DISPlbl": "Hospitalized",
          "DISP": "4",
          "injuries": 1407736,
          "pop": null,
          "ageadj": 386.16,
          "numstratum": 5,
          "PSU": 90,
          "wt_c": 2094.52848,
          "maxstratum": 5,
          "mean": 5,
          "twcnt": 0,
          "records": 22603,
          "twcnt1": 0,
          "sumsq": 4387049.55353,
          "tsumsq": 0,
          "n": 5,
          "var": 5384789.61437,
          "totvar": 58968354585,
          "stderr": 242834,
          "cv": 0.172,
          "rate": null,
          "upper": 1883690,
          "lower": 931781
        },
        {
          "DISPlbl": "Observed/Unknown",
          "DISP": "5",
          "injuries": 284301,
          "pop": null,
          "ageadj": 85.36,
          "numstratum": 5,
          "PSU": 90,
          "wt_c": 613.91352,
          "maxstratum": 5,
          "mean": 5,
          "twcnt": 0,
          "records": 4776,
          "twcnt1": 0,
          "sumsq": 376889.810039,
          "tsumsq": 0,
          "n": 5,
          "var": 2431145.75994,
          "totvar": 6947309715.49,
          "stderr": 83351,
          "cv": 0.293,
          "rate": null,
          "upper": 447668,
          "lower": 120933
        }
      ]
    }
  ]
}
