{
  "responseCode": [
    "1",
    {
      "responseData": [
        {
          "Mechlbl": "Motor Vehicle Occupant (Transp)",
          "mech": "3010",
          "injuries": 2507560,
          "pop": 325719178,
          "ageadj": 778.22,
          "numstratum": 5,
          "PSU": 90,
          "wt_c": 2390.13492,
          "maxstratum": 5,
          "mean": 5,
          "twcnt": 0,
          "records": 45629,
          "twcnt1": 0,
          "sumsq": 5712744.9358,
          "tsumsq": 0,
          "n": 5,
          "var": 8553454.29526,
          "totvar": 58424258684.4,
          "stderr": 241711,
          "cv": 0.096,
          "dummy": 1,
          "rate": 769.85,
          "upper": 2981314,
          "lower": 2033806
        },
        {
          "Mechlbl": "Motorcyclist (Transp)",
          "mech": "3020",
          "injuries": 213297,
          "pop": 325719178,
          "ageadj": 66.01,
          "numstratum": 5,
          "PSU": 90,
          "wt_c": 181.92628,
          "maxstratum": 5,
          "mean": 5,
          "twcnt": 0,
          "records": 3563,
          "twcnt1": 0,
          "sumsq": 33097.1713546,
          "tsumsq": 0,
          "n": 5,
          "var": 41853.5573551,
          "totvar": 801424813.523,
          "stderr": 28309,
          "cv": 0.133,
          "dummy": 1,
          "rate": 65.48,
          "upper": 268783,
          "lower": 157810
        },
        {
          "Mechlbl": "Pedal cyclist (bicyclist, etc - Transp)",
          "mech": "3030",
          "injuries": 329831,
          "pop": 325719178,
          "ageadj": 104.89,
          "numstratum": 5,
          "PSU": 90,
          "wt_c": 1681.24976,
          "maxstratum": 5,
          "mean": 5,
          "twcnt": 0,
          "records": 6532,
          "twcnt1": 0,
          "sumsq": 2826600.7555,
          "tsumsq": 0,
          "n": 5,
          "var": 2786144.28445,
          "totvar": 1297189235.19,
          "stderr": 36017,
          "cv": 0.109,
          "dummy": 1,
          "rate": 101.26,
          "upper": 400423,
          "lower": 259238
        },
        {
          "Mechlbl": "Pedestrian (Transp)",
          "mech": "3040",
          "injuries": 193866,
          "pop": 325719178,
          "ageadj": 59,
          "numstratum": 5,
          "PSU": 90,
          "wt_c": 357.57924,
          "maxstratum": 5,
          "mean": 5,
          "twcnt": 0,
          "records": 3960,
          "twcnt1": 0,
          "sumsq": 127862.912879,
          "tsumsq": 0,
          "n": 5,
          "var": 1299939.61427,
          "totvar": 933035340.26,
          "stderr": 30546,
          "cv": 0.158,
          "dummy": 1,
          "rate": 59.52,
          "upper": 253735,
          "lower": 133997
        },
        {
          "Mechlbl": "Other (Transp)",
          "mech": "3050",
          "injuries": 473905,
          "pop": 325719178,
          "ageadj": 146.06,
          "numstratum": 5,
          "PSU": 90,
          "wt_c": 1210.75076,
          "maxstratum": 5,
          "mean": 5,
          "twcnt": 0,
          "records": 7647,
          "twcnt1": 0,
          "sumsq": 1465917.40284,
          "tsumsq": 0,
          "n": 5,
          "var": 1111706.83117,
          "totvar": 1957030195.95,
          "stderr": 44238,
          "cv": 0.093,
          "dummy": 1,
          "rate": 145.5,
          "upper": 560612,
          "lower": 387198
        },
        {
          "Mechlbl": "Fall",
          "mech": "3060",
          "injuries": 8610869,
          "pop": 325719178,
          "ageadj": 2537.61,
          "numstratum": 5,
          "PSU": 90,
          "wt_c": 29045.4716,
          "maxstratum": 5,
          "mean": 5,
          "twcnt": 0,
          "records": 151787,
          "twcnt1": 0,
          "sumsq": 843639420.466,
          "tsumsq": 0,
          "n": 5,
          "var": 483052979.794,
          "totvar": 437137061804,
          "stderr": 661163,
          "cv": 0.077,
          "dummy": 1,
          "rate": 2643.65,
          "upper": 9906749,
          "lower": 7314989
        },
        {
          "Mechlbl": "Struck By / Against",
          "mech": "3070",
          "injuries": 5118627,
          "pop": 325719178,
          "ageadj": 1636.75,
          "numstratum": 5,
          "PSU": 90,
          "wt_c": 21385.74788,
          "maxstratum": 5,
          "mean": 5,
          "twcnt": 0,
          "records": 95492,
          "twcnt1": 0,
          "sumsq": 457350212.387,
          "tsumsq": 0,
          "n": 5,
          "var": 490692365.777,
          "totvar": 117391613130,
          "stderr": 342625,
          "cv": 0.067,
          "dummy": 1,
          "rate": 1571.48,
          "upper": 5790171,
          "lower": 4447083
        },
        {
          "Mechlbl": "Cut/Pierce",
          "mech": "3080",
          "injuries": 2088136,
          "pop": 325719178,
          "ageadj": 654.75,
          "numstratum": 5,
          "PSU": 90,
          "wt_c": 4830.4564,
          "maxstratum": 5,
          "mean": 5,
          "twcnt": 0,
          "records": 34126,
          "twcnt1": 0,
          "sumsq": 23333309.0323,
          "tsumsq": 0,
          "n": 5,
          "var": 29940799.1992,
          "totvar": 16989479377,
          "stderr": 130344,
          "cv": 0.062,
          "dummy": 1,
          "rate": 641.08,
          "upper": 2343610,
          "lower": 1832662
        },
        {
          "Mechlbl": "Overexertion",
          "mech": "3090",
          "injuries": 2584976,
          "pop": 325719178,
          "ageadj": 814.49,
          "numstratum": 5,
          "PSU": 90,
          "wt_c": 6379.96644,
          "maxstratum": 5,
          "mean": 5,
          "twcnt": 0,
          "records": 42411,
          "twcnt1": 0,
          "sumsq": 40703971.7755,
          "tsumsq": 0,
          "n": 5,
          "var": 60489114.4913,
          "totvar": 47026471878.4,
          "stderr": 216856,
          "cv": 0.084,
          "dummy": 1,
          "rate": 793.62,
          "upper": 3010013,
          "lower": 2159938
        },
        {
          "Mechlbl": "Fire / Burn",
          "mech": "3100",
          "injuries": 399269,
          "pop": 325719178,
          "ageadj": 125.71,
          "numstratum": 5,
          "PSU": 90,
          "wt_c": 1455.41024,
          "maxstratum": 5,
          "mean": 5,
          "twcnt": 0,
          "records": 7152,
          "twcnt1": 0,
          "sumsq": 2118218.9667,
          "tsumsq": 0,
          "n": 5,
          "var": 3238426.37933,
          "totvar": 609467111.906,
          "stderr": 24687,
          "cv": 0.062,
          "dummy": 1,
          "rate": 122.58,
          "upper": 447656,
          "lower": 350881
        },
        {
          "Mechlbl": "Poisoning",
          "mech": "3110",
          "injuries": 2020800,
          "pop": 325719178,
          "ageadj": 624.07,
          "numstratum": 5,
          "PSU": 90,
          "wt_c": 1499.32348,
          "maxstratum": 5,
          "mean": 5,
          "twcnt": 0,
          "records": 33104,
          "twcnt1": 0,
          "sumsq": 2247970.89768,
          "tsumsq": 0,
          "n": 5,
          "var": 1355035.97562,
          "totvar": 53287205120.8,
          "stderr": 230840,
          "cv": 0.114,
          "dummy": 1,
          "rate": 620.41,
          "upper": 2473247,
          "lower": 1568353
        },
        {
          "Mechlbl": "Inhalation / Suffocation",
          "mech": "3120",
          "injuries": 64657,
          "pop": 325719178,
          "ageadj": 19.54,
          "numstratum": 5,
          "PSU": 90,
          "wt_c": 859.44484,
          "maxstratum": 5,
          "mean": 5,
          "twcnt": 0,
          "records": 1291,
          "twcnt1": 0,
          "sumsq": 738645.433003,
          "tsumsq": 0,
          "n": 5,
          "var": 526662.182703,
          "totvar": 55884750.1699,
          "stderr": 7476,
          "cv": 0.116,
          "dummy": 1,