{
  "responseCode": [
    "1",
    {
      "responseData": [
        {
          "Intentlbl": "Unintentional (Includes undetermined)",
          "intent": "1",
          "injuries": 13701561,
          "pop": 323127513,
          "ageadj": 4169.83,
          "numstratum": 5,
          "PSU": 90,
          "wt_c": 40090.96036,
          "maxstratum": 5,
          "mean": 5,
          "twcnt": 0,
          "records": 212893,
          "twcnt1": 0,
          "sumsq": 1607285102.59,
          "tsumsq": 0,
          "n": 5,
          "var": 718779203.037,
          "totvar": 1.50680287648e12,
          "stderr": 1227519,
          "cv": 0.09,
          "rate": 4240.3,
          "upper": 16107498,
          "lower": 11295624
        },
        {
          "Intentlbl": "Self-Harm",
          "intent": "2",
          "injuries": 127054,
          "pop": null,
          "ageadj": 41.33,
          "numstratum": 5,
          "PSU": 90,
          "wt_c": 1877.85312,
          "maxstratum": 5,
          "mean": 5,
          "twcnt": 0,
          "records": 2322,
          "twcnt1": 0,
          "sumsq": 3526332.34029,
          "tsumsq": 0,
          "n": 5,
          "var": 3759805.50693,
          "totvar": 188199171.348,
          "stderr": 13719,
          "cv": 0.108,
          "rate": 31.8,
          "upper": 153942,
          "lower": 100165
        },
        {
          "Intentlbl": "Assault - Sexual",
          "intent": "4",
          "injuries": 667,
          "pop": null,
          "ageadj": 0.24,
          "numstratum": 5,
          "PSU": 90,
          "wt_c": 6.01876,
          "maxstratum": 5,
          "mean": 5,
          "twcnt": 0,
          "records": 14,
          "twcnt1": 0,
          "sumsq": 36.2254719376,
          "tsumsq": 0,
          "n": 5,
          "var": 54.3382079064,
          "totvar": 92368.9833332,
          "stderr": 304,
          "cv": 0.455,
          "rate": 1.2,
          "upper": 1263,
          "lower": 72
        },
        {
          "Intentlbl": "Assault - Other",
          "intent": "5",
          "injuries": 196462,
          "pop": null,
          "ageadj": 62.74,
          "numstratum": 5,
          "PSU": 90,
          "wt_c": 210.6566,
          "maxstratum": 5,
          "mean": 5,
          "twcnt": 0,
          "records": 3579,
          "twcnt1": 0,
          "sumsq": 44376.2031236,
          "tsumsq": 0,
          "n": 5,
          "var": 119055.013523,
          "totvar": 1734158330.61,
          "stderr": 41643,
          "cv": 0.212,
          "rate": 59.1,
          "upper": 278083,
          "lower": 114841
        },
        {
          "Intentlbl": "Legal Intervention",
          "intent": "6",
          "injuries": 12551,
          "pop": null,
          "ageadj": 4,
          "numstratum": 5,
          "PSU": 90,
          "wt_c": 18.05628,
          "maxstratum": 5,
          "mean": 5,
          "twcnt": 0,
          "records": 241,
          "twcnt1": 0,
          "sumsq": 326.029247438,
          "tsumsq": 0,
          "n": 5,
          "var": 217.352831626,
          "totvar": 6383962.4237,
          "stderr": 2527,
          "cv": 0.201,
          "rate": 2.1,
          "upper": 17503,
          "lower": 7598
        }
      ]
    }
  ]
}
